{
  "事务IM-GPT" : {
    "transaction" : "事务IM-GPT",
    "sampleCount" : 51737,
    "errorCount" : 49307,
    "errorPct" : 95.30317,
    "meanResTime" : 4961.982295069266,
    "medianResTime" : 5079.0,
    "minResTime" : 1382.0,
    "maxResTime" : 17078.0,
    "pct1ResTime" : 7199.0,
    "pct2ResTime" : 8599.0,
    "pct3ResTime" : 9159.0,
    "throughput" : 7.173785959751257,
    "receivedKBytesPerSec" : 1.6562455867530732,
    "sentKBytesPerSec" : 5.635288027126705
  },
  "Total" : {
    "transaction" : "Total",
    "sampleCount" : 51777,
    "errorCount" : 49343,
    "errorPct" : 95.29907,
    "meanResTime" : 4963.755721652445,
    "medianResTime" : 5079.0,
    "minResTime" : 1382.0,
    "maxResTime" : 17078.0,
    "pct1ResTime" : 7205.0,
    "pct2ResTime" : 8611.0,
    "pct3ResTime" : 9170.0,
    "throughput" : 7.179644901754636,
    "receivedKBytesPerSec" : 1.6576415159600357,
    "sentKBytesPerSec" : 5.6398884669994525
  },
  "IM-GPT HTTP请求" : {
    "transaction" : "IM-GPT HTTP请求",
    "sampleCount" : 51737,
    "errorCount" : 49307,
    "errorPct" : 95.30317,
    "meanResTime" : 4961.695459728982,
    "medianResTime" : 5079.0,
    "minResTime" : 1382.0,
    "maxResTime" : 17078.0,
    "pct1ResTime" : 7199.0,
    "pct2ResTime" : 8596.0,
    "pct3ResTime" : 9152.0,
    "throughput" : 7.174098311645704,
    "receivedKBytesPerSec" : 1.6563177008988803,
    "sentKBytesPerSec" : 5.635533391694439
  }
}