{
  "事务IM-GPT" : {
    "transaction" : "事务IM-GPT",
    "sampleCount" : 36,
    "errorCount" : 36,
    "errorPct" : 100.0,
    "meanResTime" : 1371.4722222222224,
    "medianResTime" : 1059.5,
    "minResTime" : 955.0,
    "maxResTime" : 3552.0,
    "pct1ResTime" : 2299.5000000000014,
    "pct2ResTime" : 3543.5,
    "pct3ResTime" : 3552.0,
    "throughput" : 0.5898061831348198,
    "receivedKBytesPerSec" : 0.12959608516145946,
    "sentKBytesPerSec" : 0.4640819810115176
  },
  "Total" : {
    "transaction" : "Total",
    "sampleCount" : 39,
    "errorCount" : 39,
    "errorPct" : 100.0,
    "meanResTime" : 1350.769230769231,
    "medianResTime" : 1089.0,
    "minResTime" : 955.0,
    "maxResTime" : 3552.0,
    "pct1ResTime" : 2217.0,
    "pct2ResTime" : 3542.0,
    "pct3ResTime" : 3552.0,
    "throughput" : 0.6868615709756957,
    "receivedKBytesPerSec" : 0.15092173190383937,
    "sentKBytesPerSec" : 0.5410651582863685
  },
  "IM-GPT HTTP请求" : {
    "transaction" : "IM-GPT HTTP请求",
    "sampleCount" : 36,
    "errorCount" : 36,
    "errorPct" : 100.0,
    "meanResTime" : 1197.0555555555557,
    "medianResTime" : 1059.5,
    "minResTime" : 955.0,
    "maxResTime" : 2217.0,
    "pct1ResTime" : 2077.7000000000007,
    "pct2ResTime" : 2217.0,
    "pct3ResTime" : 2217.0,
    "throughput" : 0.6340260655160267,
    "receivedKBytesPerSec" : 0.13931236791123636,
    "sentKBytesPerSec" : 0.4988758695843607
  }
}