{
  "事务IM-GPT" : {
    "transaction" : "事务IM-GPT",
    "sampleCount" : 23409,
    "errorCount" : 22738,
    "errorPct" : 97.13358,
    "meanResTime" : 12321.468708616343,
    "medianResTime" : 7638.0,
    "minResTime" : 2159.0,
    "maxResTime" : 28448.0,
    "pct1ResTime" : 21383.9,
    "pct2ResTime" : 21693.0,
    "pct3ResTime" : 24645.93000000001,
    "throughput" : 3.241428471730656,
    "receivedKBytesPerSec" : 0.7683688638269792,
    "sentKBytesPerSec" : 2.54582145288145
  },
  "Total" : {
    "transaction" : "Total",
    "sampleCount" : 23449,
    "errorCount" : 22777,
    "errorPct" : 97.13421,
    "meanResTime" : 12328.784297837958,
    "medianResTime" : 7642.0,
    "minResTime" : 2158.0,
    "maxResTime" : 28448.0,
    "pct1ResTime" : 21384.0,
    "pct2ResTime" : 21694.0,
    "pct3ResTime" : 24647.980000000003,
    "throughput" : 3.2470306403985227,
    "receivedKBytesPerSec" : 0.7697249080026448,
    "sentKBytesPerSec" : 2.550229106301516
  },
  "IM-GPT HTTP请求" : {
    "transaction" : "IM-GPT HTTP请求",
    "sampleCount" : 23409,
    "errorCount" : 22738,
    "errorPct" : 97.13358,
    "meanResTime" : 12321.328719723286,
    "medianResTime" : 7637.0,
    "minResTime" : 2158.0,
    "maxResTime" : 28448.0,
    "pct1ResTime" : 21383.0,
    "pct2ResTime" : 21693.0,
    "pct3ResTime" : 24645.93000000001,
    "throughput" : 3.241491759183292,
    "receivedKBytesPerSec" : 0.7683838658881077,
    "sentKBytesPerSec" : 2.545871158915695
  }
}