{
  "事务IM-GPT" : {
    "transaction" : "事务IM-GPT",
    "sampleCount" : 29,
    "errorCount" : 17,
    "errorPct" : 58.62069,
    "meanResTime" : 8657.551724137931,
    "medianResTime" : 9364.0,
    "minResTime" : 4442.0,
    "maxResTime" : 16254.0,
    "pct1ResTime" : 10890.0,
    "pct2ResTime" : 14238.5,
    "pct3ResTime" : 16254.0,
    "throughput" : 0.4218181818181818,
    "receivedKBytesPerSec" : 0.11973011363636364,
    "sentKBytesPerSec" : 0.33359375
  },
  "Total" : {
    "transaction" : "Total",
    "sampleCount" : 33,
    "errorCount" : 19,
    "errorPct" : 57.575756,
    "meanResTime" : 8624.969696969696,
    "medianResTime" : 9326.0,
    "minResTime" : 4441.0,
    "maxResTime" : 16253.0,
    "pct1ResTime" : 10816.800000000001,
    "pct2ResTime" : 13431.299999999988,
    "pct3ResTime" : 16253.0,
    "throughput" : 0.48001396404259034,
    "receivedKBytesPerSec" : 0.1353448463955315,
    "sentKBytesPerSec" : 0.38012469453656833
  },
  "IM-GPT HTTP请求" : {
    "transaction" : "IM-GPT HTTP请求",
    "sampleCount" : 29,
    "errorCount" : 17,
    "errorPct" : 58.62069,
    "meanResTime" : 8657.034482758621,
    "medianResTime" : 9364.0,
    "minResTime" : 4441.0,
    "maxResTime" : 16253.0,
    "pct1ResTime" : 10890.0,
    "pct2ResTime" : 14237.5,
    "pct3ResTime" : 16253.0,
    "throughput" : 0.4218304532495491,
    "receivedKBytesPerSec" : 0.11973359679554313,
    "sentKBytesPerSec" : 0.3336034548277768
  }
}