{
  "事务IM-GPT" : {
    "transaction" : "事务IM-GPT",
    "sampleCount" : 53491,
    "errorCount" : 51152,
    "errorPct" : 95.627304,
    "meanResTime" : 4847.955618702245,
    "medianResTime" : 5157.0,
    "minResTime" : 1399.0,
    "maxResTime" : 19894.0,
    "pct1ResTime" : 5700.9000000000015,
    "pct2ResTime" : 6864.0,
    "pct3ResTime" : 7541.0,
    "throughput" : 7.422782785183076,
    "receivedKBytesPerSec" : 1.7056130089746135,
    "sentKBytesPerSec" : 5.830886172794754
  },
  "Total" : {
    "transaction" : "Total",
    "sampleCount" : 53531,
    "errorCount" : 51189,
    "errorPct" : 95.62496,
    "meanResTime" : 4848.084474416726,
    "medianResTime" : 5157.0,
    "minResTime" : 1399.0,
    "maxResTime" : 19894.0,
    "pct1ResTime" : 5704.0,
    "pct2ResTime" : 6865.0,
    "pct3ResTime" : 7541.0,
    "throughput" : 7.428635501858581,
    "receivedKBytesPerSec" : 1.7069940589459474,
    "sentKBytesPerSec" : 5.835482127504187
  },
  "IM-GPT HTTP请求" : {
    "transaction" : "IM-GPT HTTP请求",
    "sampleCount" : 53491,
    "errorCount" : 51152,
    "errorPct" : 95.627304,
    "meanResTime" : 4847.541399487798,
    "medianResTime" : 5157.0,
    "minResTime" : 1399.0,
    "maxResTime" : 19894.0,
    "pct1ResTime" : 5698.0,
    "pct2ResTime" : 6859.950000000001,
    "pct3ResTime" : 7541.0,
    "throughput" : 7.423084598268618,
    "receivedKBytesPerSec" : 1.7056823598285826,
    "sentKBytesPerSec" : 5.83112325877695
  }
}