{
  "事务IM-GPT" : {
    "transaction" : "事务IM-GPT",
    "sampleCount" : 4465,
    "errorCount" : 4255,
    "errorPct" : 95.29675,
    "meanResTime" : 4890.763045912653,
    "medianResTime" : 5159.0,
    "minResTime" : 1488.0,
    "maxResTime" : 17837.0,
    "pct1ResTime" : 5676.8,
    "pct2ResTime" : 7037.799999999999,
    "pct3ResTime" : 8747.100000000002,
    "throughput" : 7.36062617250736,
    "receivedKBytesPerSec" : 1.7113050161472192,
    "sentKBytesPerSec" : 5.78197521846965
  },
  "Total" : {
    "transaction" : "Total",
    "sampleCount" : 4505,
    "errorCount" : 4293,
    "errorPct" : 95.29412,
    "meanResTime" : 4892.445726970032,
    "medianResTime" : 5160.0,
    "minResTime" : 1488.0,
    "maxResTime" : 17837.0,
    "pct1ResTime" : 5676.8,
    "pct2ResTime" : 7031.4,
    "pct3ResTime" : 8741.639999999998,
    "throughput" : 7.430388557366558,
    "receivedKBytesPerSec" : 1.7270090010993018,
    "sentKBytesPerSec" : 5.836672072975323
  },
  "IM-GPT HTTP请求" : {
    "transaction" : "IM-GPT HTTP请求",
    "sampleCount" : 4465,
    "errorCount" : 4255,
    "errorPct" : 95.29675,
    "meanResTime" : 4885.598880179165,
    "medianResTime" : 5159.0,
    "minResTime" : 1488.0,
    "maxResTime" : 17837.0,
    "pct1ResTime" : 5661.0,
    "pct2ResTime" : 7019.199999999999,
    "pct3ResTime" : 8747.100000000002,
    "throughput" : 7.364413964182393,
    "receivedKBytesPerSec" : 1.712185656834803,
    "sentKBytesPerSec" : 5.784950633479797
  }
}