{
  "事务IM-GPT" : {
    "transaction" : "事务IM-GPT",
    "sampleCount" : 17655,
    "errorCount" : 17140,
    "errorPct" : 97.08298,
    "meanResTime" : 12252.048824695563,
    "medianResTime" : 7647.0,
    "minResTime" : 1766.0,
    "maxResTime" : 28402.0,
    "pct1ResTime" : 21310.0,
    "pct2ResTime" : 21588.2,
    "pct3ResTime" : 22170.639999999992,
    "throughput" : 3.2577533329925807,
    "receivedKBytesPerSec" : 0.7718596540304711,
    "sentKBytesPerSec" : 2.5586249278976427
  },
  "Total" : {
    "transaction" : "Total",
    "sampleCount" : 17695,
    "errorCount" : 17180,
    "errorPct" : 97.08958,
    "meanResTime" : 12258.678327211053,
    "medianResTime" : 7649.0,
    "minResTime" : 1766.0,
    "maxResTime" : 28402.0,
    "pct1ResTime" : 21310.0,
    "pct2ResTime" : 21588.0,
    "pct3ResTime" : 22168.240000000005,
    "throughput" : 3.2652186035714608,
    "receivedKBytesPerSec" : 0.7735697170188471,
    "sentKBytesPerSec" : 2.564473016875617
  },
  "IM-GPT HTTP请求" : {
    "transaction" : "IM-GPT HTTP请求",
    "sampleCount" : 17655,
    "errorCount" : 17140,
    "errorPct" : 97.08298,
    "meanResTime" : 12251.934749362747,
    "medianResTime" : 7646.0,
    "minResTime" : 1766.0,
    "maxResTime" : 28402.0,
    "pct1ResTime" : 21310.0,
    "pct2ResTime" : 21588.2,
    "pct3ResTime" : 22170.639999999992,
    "throughput" : 3.257837493419279,
    "receivedKBytesPerSec" : 0.7718795941644205,
    "sentKBytesPerSec" : 2.558691027121151
  }
}