{
  "事务IM-GPT" : {
    "transaction" : "事务IM-GPT",
    "sampleCount" : 40,
    "errorCount" : 16,
    "errorPct" : 40.0,
    "meanResTime" : 6502.325000000001,
    "medianResTime" : 5335.0,
    "minResTime" : 1404.0,
    "maxResTime" : 11521.0,
    "pct1ResTime" : 10212.8,
    "pct2ResTime" : 11341.949999999995,
    "pct3ResTime" : 11521.0,
    "throughput" : 0.5725819150002147,
    "receivedKBytesPerSec" : 0.17999425628766516,
    "sentKBytesPerSec" : 0.45152333629167324
  },
  "Total" : {
    "transaction" : "Total",
    "sampleCount" : 44,
    "errorCount" : 18,
    "errorPct" : 40.909092,
    "meanResTime" : 6750.568181818182,
    "medianResTime" : 5470.5,
    "minResTime" : 1403.0,
    "maxResTime" : 11521.0,
    "pct1ResTime" : 10314.5,
    "pct2ResTime" : 11489.75,
    "pct3ResTime" : 11521.0,
    "throughput" : 0.6310415053208273,
    "receivedKBytesPerSec" : 0.19914726482947537,
    "sentKBytesPerSec" : 0.49674070199782006
  },
  "IM-GPT HTTP请求" : {
    "transaction" : "IM-GPT HTTP请求",
    "sampleCount" : 40,
    "errorCount" : 16,
    "errorPct" : 40.0,
    "meanResTime" : 6498.525000000001,
    "medianResTime" : 5335.0,
    "minResTime" : 1403.0,
    "maxResTime" : 11521.0,
    "pct1ResTime" : 10211.0,
    "pct2ResTime" : 11341.899999999996,
    "pct3ResTime" : 11521.0,
    "throughput" : 0.5736740957462065,
    "receivedKBytesPerSec" : 0.18033758927803115,
    "sentKBytesPerSec" : 0.45238460187017754
  }
}