{
  "事务IM-GPT" : {
    "transaction" : "事务IM-GPT",
    "sampleCount" : 9707,
    "errorCount" : 9535,
    "errorPct" : 98.22808,
    "meanResTime" : 14864.029463273962,
    "medianResTime" : 13002.0,
    "minResTime" : 3459.0,
    "maxResTime" : 41239.0,
    "pct1ResTime" : 24015.0,
    "pct2ResTime" : 26924.000000000007,
    "pct3ResTime" : 29875.32,
    "throughput" : 2.6764581968496817,
    "receivedKBytesPerSec" : 0.6202399495472327,
    "sentKBytesPerSec" : 2.115150330710917
  },
  "Total" : {
    "transaction" : "Total",
    "sampleCount" : 9747,
    "errorCount" : 9574,
    "errorPct" : 98.2251,
    "meanResTime" : 14876.90643274855,
    "medianResTime" : 13037.0,
    "minResTime" : 3459.0,
    "maxResTime" : 41239.0,
    "pct1ResTime" : 24018.2,
    "pct2ResTime" : 26915.0,
    "pct3ResTime" : 29866.92000000001,
    "throughput" : 2.687557576240524,
    "receivedKBytesPerSec" : 0.6228901888052625,
    "sentKBytesPerSec" : 2.1239246762495405
  },
  "IM-GPT HTTP请求" : {
    "transaction" : "IM-GPT HTTP请求",
    "sampleCount" : 9707,
    "errorCount" : 9535,
    "errorPct" : 98.22808,
    "meanResTime" : 14863.857422478639,
    "medianResTime" : 13002.0,
    "minResTime" : 3459.0,
    "maxResTime" : 41239.0,
    "pct1ResTime" : 24015.0,
    "pct2ResTime" : 26924.000000000007,
    "pct3ResTime" : 29875.32,
    "throughput" : 2.6765283053828632,
    "receivedKBytesPerSec" : 0.6202561964339334,
    "sentKBytesPerSec" : 2.1152057360549343
  }
}