{
  "事务IM-GPT" : {
    "transaction" : "事务IM-GPT",
    "sampleCount" : 3324,
    "errorCount" : 2252,
    "errorPct" : 67.7497,
    "meanResTime" : 8671.480144404339,
    "medianResTime" : 9580.0,
    "minResTime" : 1499.0,
    "maxResTime" : 15664.0,
    "pct1ResTime" : 11191.5,
    "pct2ResTime" : 12216.25,
    "pct3ResTime" : 13708.0,
    "throughput" : 0.46091850630788606,
    "receivedKBytesPerSec" : 0.12329934577894187,
    "sentKBytesPerSec" : 0.3620017833119352
  },
  "Total" : {
    "transaction" : "Total",
    "sampleCount" : 3328,
    "errorCount" : 2256,
    "errorPct" : 67.78846,
    "meanResTime" : 8673.58713942308,
    "medianResTime" : 9581.0,
    "minResTime" : 1499.0,
    "maxResTime" : 15663.0,
    "pct1ResTime" : 11194.0,
    "pct2ResTime" : 12244.599999999991,
    "pct3ResTime" : 13706.720000000001,
    "throughput" : 0.46147328952942346,
    "receivedKBytesPerSec" : 0.12345808508171113,
    "sentKBytesPerSec" : 0.3624418435150731
  },
  "IM-GPT HTTP请求" : {
    "transaction" : "IM-GPT HTTP请求",
    "sampleCount" : 3324,
    "errorCount" : 2252,
    "errorPct" : 67.7497,
    "meanResTime" : 8671.292117930208,
    "medianResTime" : 9580.0,
    "minResTime" : 1499.0,
    "maxResTime" : 15663.0,
    "pct1ResTime" : 11191.5,
    "pct2ResTime" : 12216.25,
    "pct3ResTime" : 13708.0,
    "throughput" : 0.46091863413335443,
    "receivedKBytesPerSec" : 0.12329937997326561,
    "sentKBytesPerSec" : 0.3620018837050564
  }
}