{
  "事务IM-GPT" : {
    "transaction" : "事务IM-GPT",
    "sampleCount" : 24300,
    "errorCount" : 23477,
    "errorPct" : 96.61317,
    "meanResTime" : 11860.127983539067,
    "medianResTime" : 7590.5,
    "minResTime" : 1700.0,
    "maxResTime" : 32310.0,
    "pct1ResTime" : 21131.9,
    "pct2ResTime" : 21459.0,
    "pct3ResTime" : 22020.0,
    "throughput" : 3.367078480225481,
    "receivedKBytesPerSec" : 0.799414432533308,
    "sentKBytesPerSec" : 2.6445011001201477
  },
  "Total" : {
    "transaction" : "Total",
    "sampleCount" : 24340,
    "errorCount" : 23517,
    "errorPct" : 96.61874,
    "meanResTime" : 11866.034634346732,
    "medianResTime" : 7593.0,
    "minResTime" : 1699.0,
    "maxResTime" : 32310.0,
    "pct1ResTime" : 21132.9,
    "pct2ResTime" : 21459.0,
    "pct3ResTime" : 22022.970000000005,
    "throughput" : 3.372671934907709,
    "receivedKBytesPerSec" : 0.8007963243557075,
    "sentKBytesPerSec" : 2.648878504741694
  },
  "IM-GPT HTTP请求" : {
    "transaction" : "IM-GPT HTTP请求",
    "sampleCount" : 24300,
    "errorCount" : 23477,
    "errorPct" : 96.61317,
    "meanResTime" : 11859.986872427962,
    "medianResTime" : 7590.0,
    "minResTime" : 1699.0,
    "maxResTime" : 32310.0,
    "pct1ResTime" : 21131.0,
    "pct2ResTime" : 21459.0,
    "pct3ResTime" : 22019.99,
    "throughput" : 3.367129335179019,
    "receivedKBytesPerSec" : 0.7994265065565491,
    "sentKBytesPerSec" : 2.644541041565341
  }
}