{
  "事务IM-GPT" : {
    "transaction" : "事务IM-GPT",
    "sampleCount" : 40261,
    "errorCount" : 37085,
    "errorPct" : 92.11147,
    "meanResTime" : 4846.502446536311,
    "medianResTime" : 4951.0,
    "minResTime" : 1527.0,
    "maxResTime" : 13420.0,
    "pct1ResTime" : 5615.0,
    "pct2ResTime" : 6739.0,
    "pct3ResTime" : 8073.960000000006,
    "throughput" : 7.4470828174207835,
    "receivedKBytesPerSec" : 1.75968904374923,
    "sentKBytesPerSec" : 5.860887817309339
  },
  "Total" : {
    "transaction" : "Total",
    "sampleCount" : 40301,
    "errorCount" : 37122,
    "errorPct" : 92.111855,
    "meanResTime" : 4846.612242872349,
    "medianResTime" : 4951.0,
    "minResTime" : 1527.0,
    "maxResTime" : 13420.0,
    "pct1ResTime" : 5617.700000000004,
    "pct2ResTime" : 6741.850000000002,
    "pct3ResTime" : 8073.960000000006,
    "throughput" : 7.454922883233647,
    "receivedKBytesPerSec" : 1.7615039204776473,
    "sentKBytesPerSec" : 5.867062553945111
  },
  "IM-GPT HTTP请求" : {
    "transaction" : "IM-GPT HTTP请求",
    "sampleCount" : 40261,
    "errorCount" : 37085,
    "errorPct" : 92.11147,
    "meanResTime" : 4846.198951839208,
    "medianResTime" : 4950.0,
    "minResTime" : 1527.0,
    "maxResTime" : 13420.0,
    "pct1ResTime" : 5612.9000000000015,
    "pct2ResTime" : 6739.0,
    "pct3ResTime" : 8073.960000000006,
    "throughput" : 7.447523639658318,
    "receivedKBytesPerSec" : 1.7597932066920425,
    "sentKBytesPerSec" : 5.861234746401563
  }
}